Term,Correlation,CI_low,CI_high,Group,p_fdr_indiv,p_fdr_diff
Working Memory,0.06677015564312776,0.06,0.07,Positive z-map,0.0,0.0
Navigation,0.10993651710614652,0.11,0.11,Positive z-map,0.0,0.0
Memory Retrieval,0.06665351269684963,0.06,0.07,Positive z-map,0.0,0.0
Language Network,0.09213065419541316,0.09,0.09,Positive z-map,0.0,0.0
Object Recognition,0.06433191952998878,0.06,0.07,Positive z-map,0.0,0.0
Face Recognition,0.08149746423351564,0.08,0.08,Positive z-map,0.0,0.0
Early Visual,0.04807106310848757,0.05,0.05,Positive z-map,0.0,0.0
Working Memory,0.12325710621395522,0.12,0.13,Negative z-map,0.0,0.0
Navigation,0.08402806790177794,0.08,0.09,Negative z-map,0.0,0.0
Memory Retrieval,0.10234115419048002,0.1,0.1,Negative z-map,0.0,0.0
Language Network,0.02506926489438104,0.02,0.03,Negative z-map,1.8025389060489275e-121,0.0
Object Recognition,0.009465128364416684,0.01,0.01,Negative z-map,8.520485776095282e-19,0.0
Face Recognition,0.009606385402888067,0.01,0.01,Negative z-map,3.0153250372033757e-19,0.0
Early Visual,0.07693232541483512,0.07,0.08,Negative z-map,0.0,0.0
