Term,Correlation,CI_low,CI_high,Group,p_fdr_indiv,p_fdr_diff
Working Memory,0.14428000471520908,0.14,0.15,Positive z-map,0.0,0.0
Navigation,0.12670382950064774,0.12,0.13,Positive z-map,0.0,0.0
Memory Retrieval,0.15774297603982707,0.16,0.16,Positive z-map,0.0,0.0
Language Network,0.024341537717741054,0.02,0.03,Positive z-map,1.2685420462053203e-114,0.0
Object Recognition,0.0008236432431917666,-0.0,0.0,Positive z-map,0.4410871568994491,0.0
Face Recognition,-0.00134013919568608,-0.0,0.0,Positive z-map,0.24505283232227426,0.0
Early Visual,0.027756080289334607,0.03,0.03,Positive z-map,2.130404750331494e-148,0.0
Working Memory,0.08600312206416007,0.08,0.09,Negative z-map,0.0,0.0
Navigation,0.0947445472900165,0.09,0.1,Negative z-map,0.0,0.0
Memory Retrieval,0.04217272825507137,0.04,0.04,Negative z-map,0.0,0.0
Language Network,0.08672860869496538,0.08,0.09,Negative z-map,0.0,0.0
Object Recognition,0.09142646519576614,0.09,0.09,Negative z-map,0.0,0.0
Face Recognition,0.09396780663811398,0.09,0.1,Negative z-map,0.0,0.0
Early Visual,0.1080548118773818,0.11,0.11,Negative z-map,0.0,0.0
