Term,Correlation,CI_low,CI_high,Group,p_fdr_indiv,p_fdr_diff
Working Memory,0.13338142429509234,0.13,0.14,Positive z-map,0.0,0.0
Navigation,0.13842783962146915,0.14,0.14,Positive z-map,0.0,0.0
Memory Retrieval,0.15481396215729482,0.15,0.16,Positive z-map,0.0,0.0
Language Network,0.03999817390152279,0.04,0.04,Positive z-map,2.6309074769534647e-306,0.0
Object Recognition,0.002825354762707092,0.0,0.0,Positive z-map,0.008227779912688372,0.0
Face Recognition,0.007625336509594707,0.01,0.01,Positive z-map,1.1530086451410692e-12,0.0
Early Visual,0.00925777108552761,0.01,0.01,Positive z-map,6.6608285645901475e-18,0.0
Working Memory,0.10729839372180579,0.11,0.11,Negative z-map,0.0,0.0
Navigation,0.09619031240269374,0.09,0.1,Negative z-map,0.0,0.0
Memory Retrieval,0.04015975114028303,0.04,0.04,Negative z-map,5.14110999521553e-309,0.0
Language Network,0.07002738057416343,0.07,0.07,Negative z-map,0.0,0.0
Object Recognition,0.0797973066037188,0.08,0.08,Negative z-map,0.0,0.0
Face Recognition,0.07976695437761003,0.08,0.08,Negative z-map,0.0,0.0
Early Visual,0.12886810105248034,0.13,0.13,Negative z-map,0.0,0.0
